id,title,label,latintoponym,pleiades,welchid,golvinid,buildingtype,chronogroup,secondcentury,capacity,modcountry,romanregion,zotero,amphitheatrum,dimensionsunknown,arenamajor,arenaminor,extmajor,extminor,exteriorheight,longitude,latitude,elevation
duraEuroposAmphitheater,Amphitheater at Dura Europos,Dura Europos,Dura Europus,https://pleiades.stoa.org/places/893989,,129,amphitheater,severan,FALSE,1000,Syria,syria,5ADZC245,https://amphi-theatrum.de/1449.html,FALSE,31,25,50,44,,40.728926,34.749855,223
arlesAmphitheater,Amphitheater at Arles,Arles,Arelate,https://pleiades.stoa.org/places/148217,,154,amphitheater,flavian,TRUE,23354,France,narbonensis,LD7NNHSG,https://amphi-theatrum.de/1371.html,FALSE,47,32,136,107,,4.631111,43.677778,21
lyonAmphitheater,Amphitheater at Lyon,Lyon,Lugdunum,https://pleiades.stoa.org/places/167717,,171,amphitheater,second-century,TRUE,27454,France,lugdunensis,,https://amphi-theatrum.de/1416.html,FALSE,67.6,42,143,117,,4.830556,45.770556,206
ludusMagnusArena,Ludus Magnus Arena,Ludus Magnus,Ludus Magnus,https://pleiades.stoa.org/places/423025,,,practice-arena,imperial,FALSE,,Italy,regio-i,,https://amphi-theatrum.de/1708.html,TRUE,,,,,,12.494913,41.88995,22
romeFlavianAmphitheater,Flavian Amphitheater at Rome,Flavian Amphitheater,Roma,https://pleiades.stoa.org/places/423025,,152,amphitheater,flavian,TRUE,50000,Italy,regio-i,VKMRD8AT,https://amphi-theatrum.de/1373.html,FALSE,83,48,189,156,52,12.492269,41.890169,22
romeAmphitheatrumCastrense,Amphitheatrum Castrense (Rome),Amph. Castrense,Roma,https://pleiades.stoa.org/places/423025,,189,amphitheater,severan,FALSE,7000,Italy,regio-i,,https://amphi-theatrum.de/1566.html,FALSE,,,88,75.8,,12.515144,41.887715,48
eleutheropolisAmphitheater,Amphitheater at Eleutheropolis,Eleutheropolis,Eleutheropolis,https://pleiades.stoa.org/places/687854,,,amphitheater,second-century,TRUE,3500,Israel,judaea,,https://amphi-theatrum.de/2397.html,FALSE,47,38,71,56,,34.893845,31.608189,253
pompeiiAmphitheater,Amphitheater at Pompeii,Pompeii,Pompeii,https://pleiades.stoa.org/places/433032,1,2,amphitheater,republican,FALSE,20000,Italy,regio-i,2DX4CYZZ,https://amphi-theatrum.de/1367.html,FALSE,66,35,135,104,,14.495262,40.751213,21
meridaAmphitheater,Amphitheater at Mérida,Mérida,Emerita Augusta,https://pleiades.stoa.org/places/256155,,77,amphitheater,julio-claudian,TRUE,15000,Spain,lusitania,,https://amphi-theatrum.de/2701.html,FALSE,64,41,126,102,,-6.337952,38.916168,231
newsteadAmphitheater,Amphitheater at Newstead,Newstead,Trimontium,https://pleiades.stoa.org/places/89304,,,amphitheater,flavian,TRUE,1500,United Kingdom,britannia,CPSBJ2HR,https://amphi-theatrum.de/1899.html,FALSE,37,23,70,60,,-2.6919,55.6026,83
conimbrigaAmphitheater,Amphitheater at Conimbriga,Conimbriga,Conimbriga,https://pleiades.stoa.org/places/236443,,101,amphitheater,julio-claudian,TRUE,4000,Portugal,lusitania,,https://amphi-theatrum.de/1528.html,FALSE,54,40,94,80,,-8.49333,40.099444,100
cumaeAmphitheater,Amphitheater at Cumae,Cumae,Cumae,https://pleiades.stoa.org/places/432808,4,,amphitheater,republican,TRUE,,Italy,regio-i,,https://amphi-theatrum.de/1474.html,FALSE,,,114,84,,14.056,40.841847,19
pozzuoliFlavianAmphitheater,Flavian Amphitheater at Pozzuoli,Pozzuoli (Flavian),Puteoli,https://pleiades.stoa.org/places/432815,,153,amphitheater,flavian,TRUE,35700,Italy,regio-i,DKQ6KDQ2,https://amphi-theatrum.de/1466.html,FALSE,74.8,42,149,116,,14.125315,40.825929,41
pozzuoliEarlyAmphitheater,Early Amphitheater at Pozzuoli,Pozzuoli (Early),Puteoli,https://pleiades.stoa.org/places/432815,8,5,amphitheater,republican,FALSE,,Italy,regio-i,,https://amphi-theatrum.de/1465.html,TRUE,,,,,,14.127615,40.826239,58
syracuseAmphitheater,Amphitheater at Syracuse,Syracuse,Syracusae,https://pleiades.stoa.org/places/462503,,83,amphitheater,julio-claudian,TRUE,28773,Italy,sicilia,,https://amphi-theatrum.de/1514.html,FALSE,69.8,39.7,146.8,118.7,,15.278934,37.074132,23
carthageAmphitheater,Amphitheater at Carthage,Carthage,Carthago,https://pleiades.stoa.org/places/314921,,174,amphitheater,augustan,TRUE,30000,Tunisia,proconsularis,5V8IDURU,https://amphi-theatrum.de/1309.html,FALSE,64,36,156,128,,10.314924,36.856078,14
hadrianVillaAmphitheater,Amphitheater at Hadrian's Villa at Tivoli,Tivoli Villa,Villa Hadriani,https://pleiades.stoa.org/places/423127,,,amphitheater,hadrianic,TRUE,,Italy,regio-i,,,FALSE,,,25,,,12.778916,41.94164,99
corinthAmphitheater,Amphitheater at Corinth,Corinth,Corinthus,https://pleiades.stoa.org/places/570182,18,126,amphitheater,caesarean,TRUE,14000,Greece,achaea,,https://amphi-theatrum.de/1361.html,FALSE,58,30,98,70,,22.892126,37.909629,98
marcianopolisAmphitheater,Amphitheater at Marcianopolis (Devnya),Marcianopolis,Marcianopolis,https://pleiades.stoa.org/places/216878,,127,amphitheater,severan,TRUE,4000,Bulgaria,thracia,,https://amphi-theatrum.de/1534.html,FALSE,50,40,70,60,,27.556674,43.218689,120
porolissumAmphitheater,Amphitheater at Porolissum,Porolissum,Porolissum,https://pleiades.stoa.org/places/207361,,39,amphitheater,second-century,TRUE,,Romania,dacia,,https://amphi-theatrum.de/1443.html,FALSE,64,52,84,75,,23.154052,47.177552,441
nijmegenAmphitheater,Amphitheater at Nijmegen,Nijmegen,Ulpia Noviomagus,https://pleiades.stoa.org/places/98921,,38,amphitheater,second-century,TRUE,,Netherlands,germania-inferior,,https://amphi-theatrum.de/1453.html,FALSE,60,40,,,,5.878859,51.838523,46
carnuntumMilitaryAmphitheater,Military Amphitheater at Carnuntum,Carnuntum (Mil.),Carnuntum,https://pleiades.stoa.org/places/128376,,122,amphitheater,first-century,TRUE,8000,Austria,pannonia,,https://amphi-theatrum.de/1432.html,FALSE,71,43,99.5,81.5,,16.892619,48.126824,164
carnuntumLudus,Carnuntum (Ludus),Carnuntum Ludus,Carnuntum,https://pleiades.stoa.org/places/128376,,,practice-arena,imperial,FALSE,,Austria,pannonia,,https://amphi-theatrum.de/2188.html,TRUE,,,,,,16.848689,48.109807,185
carnuntumCivilianAmphitheater,Civilian Amphitheater at Carnuntum,Carnuntum (Civ.),Carnuntum,https://pleiades.stoa.org/places/128376,,123,amphitheater,second-century,TRUE,13000,Austria,pannonia,,https://amphi-theatrum.de/1431.html,FALSE,66,50,129,113,,16.850943,48.110019,185
leptisMagnaAmphitheater,Amphitheater at Leptis Magna,Leptis Magna,Leptis Magna,https://pleiades.stoa.org/places/344448,,24,amphitheater,neronian,TRUE,16000,Libya,proconsularis,,https://amphi-theatrum.de/1321.html,FALSE,57,47,100,90,,14.309452,32.63234,18
empuriesAmphitheater,Amphitheater at Empuries,Empuries,Emporiae,https://pleiades.stoa.org/places/246382,,93,amphitheater,first-century,TRUE,3343,Spain,tarraconensis,,https://amphi-theatrum.de/1520.html,FALSE,71,42,86,54,,3.117431,42.130042,27
tarragonaAmphitheater,Amphitheater at Tarragona,Tarragona,Tarraco,https://pleiades.stoa.org/places/246349,,139,amphitheater,second-century,TRUE,15000,Spain,tarraconensis,,https://amphi-theatrum.de/1497.html,FALSE,62,39,95,69.5,,1.25878,41.114522,13
cagliariAmphitheater,Amphitheater at Cagliari,Cagliari,Carales,https://pleiades.stoa.org/places/471899,,182,amphitheater,second-century,TRUE,12283,Italy,corsica-et-sardinia,,https://amphi-theatrum.de/1377.html,FALSE,46.8,33.2,92.8,79.2,,9.113228,39.223908,60
italicaAmphitheater,Amphitheater at Italica,Italica,Italica,https://pleiades.stoa.org/places/256231,,168,amphitheater,second-century,TRUE,25000,Spain,baetica,,https://amphi-theatrum.de/2740.html,FALSE,70,44,160,136,,-6.046742,37.443893,17
segobrigaAmphitheater,Amphitheater at Segobriga,Segobriga,Segobriga,https://pleiades.stoa.org/places/266036,,88,amphitheater,flavian,TRUE,7500,Spain,tarraconensis,L98ZXTFU,https://amphi-theatrum.de/1516.html,FALSE,47,31,75,64,,-2.813944,39.886018,817
cataniaAmphitheater,Amphitheater at Catania,Catania,Catina,https://pleiades.stoa.org/places/462270,,180,amphitheater,imperial,TRUE,16000,Italy,sicilia,,https://amphi-theatrum.de/2635.html,FALSE,52,38,90,70,,15.085323,37.507096,31
paestumAmphitheater,Amphitheater at Paestum,Paestum,Paestum,https://pleiades.stoa.org/places/442733,10,7,amphitheater,republican,TRUE,4500,Italy,regio-iii,,https://amphi-theatrum.de/1468.html,FALSE,56,35,79,59,,15.006449,40.422354,18
luniAmphitheater,Amphitheater at Luni,Luni,Luna,https://pleiades.stoa.org/places/403235,,143,amphitheater,second-century,TRUE,3326,Italy,regio-vii,P8RB27QW,https://amphi-theatrum.de/1543.html,FALSE,52,34.5,87,71,,10.022386,44.062656,4
cassinoAmphitheater,Amphitheater at Cassino,Cassino,Casinum,https://pleiades.stoa.org/places/432764,,82,amphitheater,imperial,TRUE,7840,Italy,regio-i,,https://amphi-theatrum.de/1513.html,FALSE,51,33,84,66,,13.823575,41.482933,73
viminaciumAmphitheater,Amphitheater at Viminacium,Viminacium,Viminacium,https://pleiades.stoa.org/places/207549,,,amphitheater,second-century,TRUE,6900,Serbia,moesia-superior,SL2QKBGS,https://amphi-theatrum.de/2572.html,FALSE,55,45,84,74,,21.220083,44.737985,72
flaviaSolvaAmphitheater,Amphitheater at Flavia Solva,Flavia Solva,Flavia Solva,https://pleiades.stoa.org/places/197273,,52,amphitheater,imperial,TRUE,2729,Austria,noricum,EGZ5XRE9,https://amphi-theatrum.de/1455.html,FALSE,85,35,97,45,,15.5657773,46.76715349,266
roselleAmphitheater,Amphitheater at Roselle,Roselle,Rusellae,https://pleiades.stoa.org/places/413288,,13,amphitheater,julio-claudian,TRUE,2309,Italy,regio-vii,,https://amphi-theatrum.de/1478.html,FALSE,30,20,48,37,,11.159132,42.828405,165
parisAmphitheater,Amphitheater at Paris,Paris,Lutetia Parisiorum,https://pleiades.stoa.org/places/109126,,,gallo-roman-amphitheater,flavian,TRUE,15000,France,lugdunensis,,https://theatrum.de/887.html,FALSE,52,46,,,,2.352855,48.845097,46
octodurusForumClaudiiVallensiumAmphitheater,Amphitheater at Octodurus/Forum Claudii Vallensium,Octodorus,Octodurus,https://pleiades.stoa.org/places/167859,,27,amphitheater,imperial,TRUE,15550,Switzerland,alpes-poeninae,,https://amphi-theatrum.de/1489.html,FALSE,74,62,118,106,,7.073493,46.094356,480
cyreneAmphitheater,Amphitheater at Cyrene,Cyrene,Cyrene,https://pleiades.stoa.org/places/373778,,75,amphitheater,imperial,TRUE,,Libya,crete-et-cyrenaica,,https://amphi-theatrum.de/2487.html,FALSE,33,28,,,,21.850808,32.824526,550
libarnaAmphitheater,Amphitheater at Libarna,Libarna,Libarna,https://pleiades.stoa.org/places/383694,,105,amphitheater,imperial,TRUE,5380,Italy,regio-ix,,https://amphi-theatrum.de/1530.html,FALSE,66,36.6,88,58.7,,8.867967,44.706013,225
luceraAmphitheater,Amphitheater at Lucera,Lucera,Luceria,https://pleiades.stoa.org/places/442640,,12,amphitheater,augustan,TRUE,17149,Italy,regio-ii,,https://amphi-theatrum.de/1436.html,FALSE,72.2,43.2,126.8,94.5,,15.344984,41.508249,196
avellaAmphitheater,Amphitheater at Abella,Abella,Abella,https://pleiades.stoa.org/places/432617,5,3,amphitheater,republican,TRUE,,Italy,regio-i,,https://amphi-theatrum.de/1461.html,FALSE,63,35,108,70,,14.608415,40.961526,224
nimesAmphitheater,Amphitheater at Nimes,Nimes,Nemausus,https://pleiades.stoa.org/places/148142,,155,amphitheater,flavian,TRUE,24000,France,narbonensis,LD7NNHSG,https://amphi-theatrum.de/1385.html,FALSE,69.1,38.4,133.4,101.4,,4.359599,43.834876,50
charterhouseAmphitheater,Amphitheater at Charterhouse,Charterhouse,Ischalis,https://pleiades.stoa.org/places/79534,,32,amphitheater,imperial,TRUE,,United Kingdom,britannia,,https://amphi-theatrum.de/1441.html,FALSE,32,24,70,61,,-2.720301,51.305437,296
chesterAmphitheater,Amphitheater at Chester,Chester,Deva Victrix,https://pleiades.stoa.org/places/79420,,107,amphitheater,flavian,TRUE,10861,United Kingdom,britannia,CW8ICQUU,https://amphi-theatrum.de/1437.html,FALSE,56.7,48.3,95.5,86.6,,-2.886928,53.189079,23
gennesAmphitheater,Amphitheater at Gennes,Gennes,Geinum,https://pleiades.stoa.org/places/138371,,,gallo-roman-amphitheater,second-century,TRUE,5000,France,lugdunensis,,https://amphi-theatrum.de/2554.html,FALSE,44,39,,,,-0.2386057,47.3352194,47
scythopolisNysaAmphitheater,Amphitheater at Scythopolis/Nysa,Scythopolis,Scythopolis,https://pleiades.stoa.org/places/678378,,,arena-in-hippodrome,imperial,FALSE,,Israel,judaea,,https://amphi-theatrum.de/2402.html,TRUE,,,,,,35.501631,32.498395,-121
roccellettaAmphitheater,Amphitheater at Roccelletta di Borgia,Roccelletta di Borgia,Scylletium,https://pleiades.stoa.org/places/452439,,,amphitheater,first-century,TRUE,,Italy,regio-iii,,https://amphi-theatrum.de/1598.html,FALSE,,,88,64,,16.59232919,38.80688779,44
bordeauxAmphitheater,Amphitheater at Bordeaux,Bordeaux,Burdigala,https://pleiades.stoa.org/places/138248,,188,amphitheater,second-century,TRUE,22130,France,aquitania,V8642RQH,https://amphi-theatrum.de/1388.html,FALSE,69.8,46.7,132.3,110.6,,-0.582476,44.847382,17
oudnaAmphitheater,Amphitheater at Oudna,Uthina,Uthina,https://pleiades.stoa.org/places/315247,,115,amphitheater,second-century,TRUE,11832,Tunisia,proconsularis,,https://amphi-theatrum.de/1347.html,FALSE,52.5,37.5,96,81,,10.169215,36.608597,112
carthagoNovaAmphitheater,Amphitheater at Carthago Nova/Col. Urbs Iulia,Carthago Nova,Carthago Nova,https://pleiades.stoa.org/places/265849,,,amphitheater,imperial,TRUE,,Spain,tarraconensis,,https://amphi-theatrum.de/1613.html,FALSE,,,69,69,,-0.9801609,37.6006455,23
virunumAmphitheater,Amphitheater at Virunum,Virunum,Virunum,https://pleiades.stoa.org/places/197583,,51,amphitheater,second-century,TRUE,,Austria,noricum,EGZ5XRE9,https://amphi-theatrum.de/1501.html,FALSE,,,96,42,,14.3669959,46.6978777,479
carsulaeAmphitheater,Amphitheater at Carsulae,Carsulae,Carsulae,https://pleiades.stoa.org/places/413065,,80,amphitheater,late-first-century,TRUE,5945,Italy,regio-vi,,https://amphi-theatrum.de/1512.html,FALSE,62.1,37.6,86.5,62,,12.559172,42.639468,438
florenceAmphitheater,Amphitheater at Florence,Florence,Florentia,https://pleiades.stoa.org/places/413138,,140,amphitheater,hadrianic,TRUE,,Italy,regio-vii,,https://amphi-theatrum.de/1387.html,FALSE,64,40,113,89,,11.2595198,43.7687303,47
ocriculumAmphitheater,Amphitheater at Ocriculum,Ocriculcum,Ocricoli,https://pleiades.stoa.org/places/413231,,142,amphitheater,imperial,TRUE,17812,Italy,regio-vi,,https://amphi-theatrum.de/2878.html,FALSE,64,42,120,98,,12.4671905,42.4115648,86
lixusAmphitheater,Amphitheater at Lixus,Lixus,Lixus,https://pleiades.stoa.org/places/275666,,,amphitheater,imperial,TRUE,,Morocco,mauretania,,https://amphi-theatrum.de/3043.html,FALSE,34,28,,,,-6.1084683,35.19990039,52
arezzoAmphitheater,Amphitheater at Arezzo,Arezzo,Arretium,https://pleiades.stoa.org/places/413032,,149,amphitheater,flavian,TRUE,8000,Italy,regio-vii,,https://amphi-theatrum.de/1398.html,FALSE,71.9,42.7,109.4,80,,11.88037,43.460491,263
larinoAmphitheater,Amphitheater at Larinum,Larinum,Larinum,https://pleiades.stoa.org/places/442629,,,amphitheater,imperial,TRUE,,Italy,regio-ii,,https://amphi-theatrum.de/1609.html,FALSE,57,40,98,86,,14.9159226,41.8058428,406
lucusFeroniaeAmphitheater,Amphitheater at Lucus Feroniae,Lucus Feroniae,Lucus Feroniae,https://pleiades.stoa.org/places/413184,16,145,amphitheater,julio-claudian,TRUE,1844,Italy,regio-vii,,https://amphi-theatrum.de/2923.html,FALSE,34,32,46,44,,12.594868,42.129831,52
ferentoAmphitheater,Amphitheater at Ferento,Ferento,Ferentium,https://pleiades.stoa.org/places/413184,16,9,amphitheater,republican,TRUE,,Italy,regio-vii,,https://amphi-theatrum.de/1470.html,FALSE,,,68,40,,12.139272,42.491986,288
allifaeAmphitheater,Amphitheater at Allifae,Allifae,Allifae,https://pleiades.stoa.org/places/432658,,,amphitheater,imperial,TRUE,,Italy,regio-i,,https://amphi-theatrum.de/2038.html,FALSE,72,48,107,84,,14.334997,41.325601,106
cimiezAmphitheater,Amphitheater at Cimiéz,Cimiez,Cemenelum,https://pleiades.stoa.org/places/157834,,16,amphitheater,julio-claudian,TRUE,4245,France,narbonensis,WFCBSKSY,https://amphi-theatrum.de/1481.html,FALSE,46,34,67,56,,7.2752435,43.71967279,112
hydataHypsitanaForumTraianiAmphitheater,Amphitheater at Hydata Hypsitana/Forum Traiani,Forum Traiani,Forum Traiani,https://pleiades.stoa.org/places/471947,,,amphitheater,imperial,TRUE,,Italy,corsica-et-sardinia,,https://amphi-theatrum.de/2959.html,FALSE,40,32,,,,8.804698,39.993171,49
luccaAmphitheater,Amphitheater at Lucca,Lucca,Luca,https://pleiades.stoa.org/places/403234,,135,amphitheater,imperial,TRUE,15048,Italy,regio-vii,,https://amphi-theatrum.de/1390.html,FALSE,80,53,124,96,,10.5057722,43.8455202,19
hispellumAmphitheater,Amphitheater at Spello,Spello,Hispellum,https://pleiades.stoa.org/places/413170,,,amphitheater,first-century,TRUE,,Italy,regio-vi,,https://amphi-theatrum.de/1595.html,FALSE,,,82,,,12.6662021,42.9957909,211
veronaAmphitheater,Amphitheater at Verona,Verona,Verona,https://pleiades.stoa.org/places/383816,,,amphitheater,julio-claudian,TRUE,30000,Italy,regio-x,,https://amphi-theatrum.de/1369.html,FALSE,75.68,44.43,152.43,123.42,,10.99435,45.43904,62
aquincumCivilAmphitheater,Civil Amphitheater at Budapest,Aquincum (Civilian),Aquincum,https://pleiades.stoa.org/places/197130,,125,amphitheater,imperial,TRUE,8617,Hungary,pannonia,,https://amphi-theatrum.de/1457.html,FALSE,51,42,86.5,75.5,,19.047985,47.567577,105
aquincumMilitaryAmphitheater,Military Amphitheater at Budapest,Aquincum (Military),Aquincum,https://pleiades.stoa.org/places/197130,,124,amphitheater,imperial,TRUE,16049,Hungary,pannonia,,https://amphi-theatrum.de/1458.html,FALSE,88,42,131,107,,19.03906599,47.532947,101
aldburoughAmphitheater,Amphitheater at Aldborough,Aldburough,Isurium Brigantium,https://pleiades.stoa.org/places/89209,,,amphitheater,imperial,TRUE,,United Kingdom,britannia,,https://amphi-theatrum.de/1499.html,FALSE,58,47,,,,-1.3796296,54.0881157,41
perigueuxAmphitheater,Amphitheater at Perigueux,Périgueux,Vesunna Petrucoriorum,https://pleiades.stoa.org/places/138650,,136,amphitheater,first-century,TRUE,21413,France,aquitania,LD7NNHSG,https://amphi-theatrum.de/1407.html,FALSE,65,41,129,105,,0.713249,45.18274,97
cividateCamunoAmphitheater,Amphitheater at Cividate Camuno,Cividate Camuno,Civitas Camunnorum,https://pleiades.stoa.org/places/383617,,,amphitheater,imperial,TRUE,,Italy,regio-x,,https://amphi-theatrum.de/2945.html,FALSE,,,73,60,,10.280644,45.94381289,283
grumentoAmphitheater,Amphitheater at Grumento,Grumento,Grumentum,https://pleiades.stoa.org/places/442603,,92,amphitheater,imperial,TRUE,7657,Italy,regio-iii,,https://amphi-theatrum.de/1519.html,FALSE,60,40,90,70,,15.9115794,40.2876404,579
albaFucensAmphitheater,Amphitheater at Alba Fucens,Alba Fucens,Alba Fucens,https://pleiades.stoa.org/places/413005,,23,amphitheater,julio-claudian,TRUE,10720,Italy,regio-iv,,https://amphi-theatrum.de/1487.html,FALSE,64,37,103,76,,13.412289,42.0772,977
augstAmphitheater,Amphitheater at Augst,Augst,Augusta Raurica,https://pleiades.stoa.org/places/177494,,73,amphitheater,late-second-century,TRUE,14313,Switzerland,germania-superior,LD7NNHSG,https://amphi-theatrum.de/1411.html,FALSE,48,33,102,87,,7.72061,47.529294,285
sutriumAmphitheater,Amphitheater at Sutrium,Sutrium,Sutrium,https://pleiades.stoa.org/places/413328,15,8,amphitheater,republican,TRUE,8500,Italy,regio-vii,,,FALSE,,,77,,,12.2293009,42.2393124,271
sarmizegetusaAmphitheater,Amphitheater at Ulpia Traiana Sarmizegetusa,Sarmizegetusa,Ulpia Traiana Sarmizegetusa,https://pleiades.stoa.org/places/207527,,110,amphitheater,second-century,TRUE,5831,Romania,dacia,,,FALSE,66,47,88,69,,22.7853206,45.51667729,491
salonaAmphitheater,Amphitheater at Salona,Salona,Salona,https://pleiades.stoa.org/places/197488,,181,amphitheater,second-century,TRUE,13380,Croatia,dalmatia,,https://amphi-theatrum.de/1565.html,FALSE,64,40,125,101,,16.473893,43.5381718,8
londonAmphitheater,Amphitheater at London,London,Londinium,https://pleiades.stoa.org/places/79574,,,amphitheater,flavian,TRUE,6500,United Kingdom,britannia,,https://amphi-theatrum.de/1972.html,FALSE,60,40,100,85,,-0.092136,51.515522,29
tiburAmphitheater,Amphitheater at Tibur,Tibur,Tibur,https://pleiades.stoa.org/places/423081,,,amphitheater,hadrianic,TRUE,,Italy,regio-i,,,FALSE,,,85,,,12.798114,41.960571,248
caerleonAmphitheater,Amphitheater at Caerleon,Caerleon,Isca Augusta,https://pleiades.stoa.org/places/79532,,108,amphitheater,imperial,TRUE,6000,United Kingdom,britannia,,https://amphi-theatrum.de/1438.html,FALSE,55,41,80,66,,-2.956878,51.6080589,13
telesiaAmphitheater,Amphitheater at Telesia,Telesia,Telesia,https://pleiades.stoa.org/places/433147,9,6,amphitheater,republican,TRUE,9000,Italy,regio-i,,,FALSE,,,112,,,14.500496,41.223911,68
urbisagliaAmphitheater,Amphitheater at Urbs Salvia,Urbs Salvia,Urbs Saglia,https://pleiades.stoa.org/places/413364,,165,amphitheater,flavian,TRUE,5150,Italy,regio-v,,https://amphi-theatrum.de/1556.html,FALSE,59,35,98,71,,13.387224,43.200877,219
saintesAmphitheater,Amphitheater at Saintes,Saintes,Mediolanum Santonum,https://pleiades.stoa.org/places/138458,,100,amphitheater,imperial,TRUE,20197,France,aquitania,,https://amphi-theatrum.de/1526.html,FALSE,65.2,39.2,126.4,101.6,,-0.6433512,45.7453926,20
assisiAmphitheater,Amphitheater at Assisi,Assisi,Asisium,https://pleiades.stoa.org/places/413037,,,amphitheater,first-century,TRUE,,Italy,regio-vi,,https://amphi-theatrum.de/1386.html,FALSE,60,35,,,,12.620454,43.071077,445
durresAmphitheater,Amphitheater at Durrës,Durrës,Dyrrachium,https://pleiades.stoa.org/places/481818,,178,amphitheater,second-century,TRUE,20000,Albania,macedonia,4MKNQEGP,,FALSE,61.4,42.2,132.4,113.2,,19.445131,41.312241,15
lambaesisAmphitheater,Amphitheater at Lambaesis,Lambaesis,Lambaesis,https://pleiades.stoa.org/places/334570,,111,amphitheater,second-century,TRUE,15400,Algeria,mauretania,,https://amphi-theatrum.de/1444.html,FALSE,68,55,104.6,94,,6.2599349,35.4892469,1170
mactarisAmphitheater,Amphitheater at Mactaris,Mactaris,Mactaris,https://pleiades.stoa.org/places/324774,,119,amphitheater,second-century,TRUE,5000,Tunisia,proconsularis,,,FALSE,38.4,24.8,63.2,49.6,,9.2066727,35.8556279,911
cirencesterAmphitheater,Amphitheater at Cirencester,Cirencester,Corinium Dobunnorum,https://pleiades.stoa.org/places/197225,,33,amphitheater,second-century,TRUE,10210,United Kingdom,britannia,,https://amphi-theatrum.de/1490.html,FALSE,46,41,89,81,,-1.972188,51.71151,119
vindonissaAmphitheater,Amphitheater at Vindonissa,Vindonissa,Vindonissa,https://pleiades.stoa.org/places/177661,,17,amphitheater,flavian,TRUE,15142,Switzerland,germania-superior,LD7NNHSG,https://amphi-theatrum.de/1454.html,FALSE,64,51,112,98,,8.213605,47.47629,361
thysdrusSmallAmphitheater,Small Amphitheater at Thysdrus,Thysdrus (Sm.),Thysdrus,https://pleiades.stoa.org/places/324835,,112,amphitheater,second-century,TRUE,9000,Tunisia,proconsularis,,https://amphi-theatrum.de/1344.html,FALSE,60,40,92,72,,10.707911,35.290106,116
thysdrusAmphitheater,Amphitheater at Thysdrus,Thysdrus (lg.),Thysdrus,https://pleiades.stoa.org/places/324835,,186,amphitheater,post-severan,FALSE,35000,Tunisia,proconsularis,,https://amphi-theatrum.de/1343.html,FALSE,65,39,148,122,40,10.706939,35.29639,111
frejusAmphitheater,Amphitheater Fréjus,Fréjus,Forum Julii,https://pleiades.stoa.org/places/157836,,138,amphitheater,flavian,TRUE,13854,France,narbonensis,LD7NNHSG,https://amphi-theatrum.de/1540.html,FALSE,67.7,39.7,113.7,85.7,,6.72871,43.43446,12
gortynAmphitheater,Amphitheater at Gortyn,Gortyn,Gortyna,https://pleiades.stoa.org/places/589796,,,amphitheater,second-century,TRUE,,Greece,crete-et-cyrenaica,4PCVKVQ8,https://amphi-theatrum.de/2484.html,FALSE,,,85,,,24.953076,35.056454,150
leptiminusAmphitheater,Amphitheater at Leptiminus,Leptiminus,Leptiminus,https://pleiades.stoa.org/places/324767,,114,amphitheater,second-century,TRUE,9100,Tunisia,proconsularis,,https://amphi-theatrum.de/1322.html,FALSE,45,26,81,62,,10.866282,35.678077,9
miciaAmphitheater,Amphitheater at Micia,Micia,Micia,https://pleiades.stoa.org/places/207286,,47,amphitheater,second-century,TRUE,1722,Romania,dacia,,https://amphi-theatrum.de/1447.html,FALSE,44,26,56,37,,22.81731,45.915008,183
gemellaeAmphitheater,Amphitheater at Gemellae,Gemellae,Gemellae,https://pleiades.stoa.org/places/334553,,44,amphitheater,hadrianic,TRUE,3204,Algeria,mauretania,FPC6XYXG,https://amphi-theatrum.de/1445.html,FALSE,52,32,72,52,,5.522992,34.635435,83
cherchellAmphitheater,Amphitheater at Cherchell,Cherchel,Caesarea,https://pleiades.stoa.org/places/295279,,81,amphitheater,augustan,TRUE,,Algeria,mauretania,9L8A5YQT,https://amphi-theatrum.de/2425.html,FALSE,98,37,145,78,,2.198958,36.60878,29
pulaAmphitheater,Amphitheater at Pula,Pula,Colonia Pietas Iulia Pola Pollentia Herculanea,https://pleiades.stoa.org/places/197448,,151,amphitheater,julio-claudian,TRUE,26000,Croatia,regio-x,,https://amphi-theatrum.de/1539.html,FALSE,67.95,41.65,132.45,105.1,32.45,13.850243,44.873229,16
carmonaAmphitheater,Amphitheater at Carmona,Carmona,Carmo,https://pleiades.stoa.org/places/256058,17,10,amphitheater,caesarean,TRUE,18350,Spain,baetica,,https://amphi-theatrum.de/1471.html,FALSE,58,39,108,98,,-5.650907,37.469674,223
caesareaAmphitheater,Amphitheater at Caesarea,Caesarea,Caesarea,https://pleiades.stoa.org/places/678401,,,amphitheater,imperial,TRUE,,Israel,judaea,,https://amphi-theatrum.de/2411.html,FALSE,95,62,,,,34.897451,32.506473,11
bergamaAmphitheater,Amphitheater at Pergamum,Bergama,Pergamum,https://pleiades.stoa.org/places/550812,,177,amphitheater,second-century,TRUE,23016,Turkey,asia,,https://amphi-theatrum.de/1562.html,FALSE,53,37,136.2,107.4,,27.174177,39.125751,100
anazarbusAmphitheater,Amphitheater at Anazarbus,Anazarbus,Anazarbus,https://pleiades.stoa.org/places/658378,,,amphitheater,imperial,TRUE,,Turkey,cilicia,,https://amphi-theatrum.de/2421.html,FALSE,60,43,109,80,,35.894673,37.244094,42
antiochAmphitheater,Amphitheater at Antioch,Antioch,Antiochia,https://pleiades.stoa.org/places/658381,19,,amphitheater,caesarean,TRUE,,Turkey,syria,,https://amphi-theatrum.de/2603.html,TRUE,,,,,,36.160437,36.202624,89
cyzicusAmphitheater,Amphitheater at Cyzicus,Cyzicus,Cyzicus,https://pleiades.stoa.org/places/511218,,,amphitheater,imperial,TRUE,,Turkey,asia,,https://amphi-theatrum.de/1561.html,FALSE,,,150,100,,27.884552,40.398213,54
sabrathaAmphitheater,Amphitheater at Sabratha,Sabratha,Sabratha,https://pleiades.stoa.org/places/344282,,120,amphitheater,second-century,TRUE,20700,Libya,proconsularis,,https://amphi-theatrum.de/1327.html,FALSE,65,49,115,99,,12.49404,32.803879,11
salamisAmphitheater,Amphitheater at Salamis,Salamis,Salamis,https://pleiades.stoa.org/places/707617,,,amphitheater,imperial,TRUE,,Cyprus,cyprus,,https://amphi-theatrum.de/2001.html,TRUE,,,,,,33.902435,35.185517,6
paphosAmphitheater,Amphitheater at Paphos,Paphos,Nea Paphos,https://pleiades.stoa.org/places/707586,,,amphitheater,imperial,TRUE,,Cyprus,cyprus,,https://amphi-theatrum.de/1984.html,FALSE,,,70,,,32.405344,34.754942,6
carmarthenAmphitheater,Amphitheater at Carmarthen,Carmarthen,Moridunum,https://pleiades.stoa.org/places/79602,,,amphitheater,second-century,TRUE,,United Kingdom,britannia,,https://amphi-theatrum.de/1440.html,FALSE,46,27,92,67,,-4.296651,51.862005,29
caerwentAmphitheater,Amphitheater at Caerwent,Caerwent,Venta Silurum,https://pleiades.stoa.org/places/79733,,128,amphitheater,imperial,TRUE,3532,United Kingdom,britannia,,,FALSE,44,35,63,53,,-2.766307,51.612173,25
tomen-y-murAmphitheater,Amphitheater at Tomen y Mur,Tomen y Mur,,https://pleiades.stoa.org/places/142376597,,31,amphitheater,imperial,TRUE,2772,United Kingdom,britannia,,https://amphi-theatrum.de/1439.html,FALSE,35,28,52,46,,-3.9235,52.931893,295
thaenaeAmphitheater,Amphitheater at Thaenae,Thaenae,,https://pleiades.stoa.org/places/324825,,71,amphitheater,second-century,TRUE,8700,Tunisia,proconsularis,,https://amphi-theatrum.de/1332.html,FALSE,62,33,90,61,,10.673126,34.655481,7
sbeitlaAmphitheater,Amphitheater at Sbeitla,Sbeitla,Sufetula,https://pleiades.stoa.org/places/324816,,113,amphitheater,second-century,TRUE,6500,Tunisia,proconsularis,,https://amphi-theatrum.de/1331.html,FALSE,47,37,72,60,,9.114582,35.243617,556
tebessaAmphitheater,Amphitheater at Theveste,Tebessa,Theveste,https://pleiades.stoa.org/places/324831,,,amphitheater,flavian,TRUE,9400,Algeria,proconsularis,,https://amphi-theatrum.de/1336.html,FALSE,52.8,39.5,83,70,,8.123809,35.401171,877
trierAmphitheater,Amphitheater at Trier,Trier,Augusta Treverorum,https://pleiades.stoa.org/places/108894,,41,amphitheater,third-century,TRUE,8742,Germany,belgica,VSSBREEF,https://amphi-theatrum.de/1494.html,FALSE,71,49,100,79,,6.649088,49.748052,168
susaAmphitheater,Amphitheater at Susa,Susa,Segusio,https://pleiades.stoa.org/places/167919,,15,amphitheater,imperial,TRUE,3015,Italy,alpes-cottiae,,https://amphi-theatrum.de/1494.html,FALSE,44,36,60,52,,7.04497,45.133185,546
ivreaAmphitheater,Amphitheater at Ivrea,Ivrea,Eporedia,https://pleiades.stoa.org/places/383642,,55,amphitheater,late-first-century,TRUE,8046,Italy,regio-xi,,https://amphi-theatrum.de/1502.html,FALSE,67,42,96,72,,7.887734,45.467767,240
bararusAmphitheater,Amphitheater at Bararus,Rougga,,https://pleiades.stoa.org/places/324673,,187,amphitheater,severan,FALSE,12100,Tunisia,proconsularis,,https://amphi-theatrum.de/1313.html,FALSE,63.75,37.5,98,73.5,,10.791226,35.211828,68
castraAlbanaAmphitheater,Amphitheater at Castra Albana,Albana Laziale,Castra Albana,https://pleiades.stoa.org/places/422885,,190,amphitheater,severan,FALSE,15538,Italy,regio-i,,https://amphi-theatrum.de/1567.html,FALSE,67.5,45,116.5,94,,12.66501,41.732637,454
sophiaAmphitheater,Amphitheater at Sophia,Sophia,Ulpia Serdica,https://pleiades.stoa.org/places/207439,,,amphitheater,post-severan,FALSE,20000,Bulgaria,thracia,,https://amphi-theatrum.de/1738.html,FALSE,60.5,43,,,,23.32865,42.697178,554
ptolemaisAmphitheater,Amphitheater at Ptolemais,Ptolemais,Ptolemais,https://pleiades.stoa.org/places/373879,,76,amphitheater,imperial,TRUE,10878,Libya,crete-et-cyrenaica,,https://amphi-theatrum.de/1509.html,FALSE,47.5,44.5,89,86,,20.945728,32.707953,12
toulouseAmphitheater,Amphitheater at Toulouse,Toulouse,Tolosa,https://pleiades.stoa.org/places/246694,,98,amphitheater,imperial,TRUE,16336,France,narbonensis,,https://amphi-theatrum.de/1524.html,FALSE,59,49,111,101,,1.397664,43.614808,149
caparraAmphitheater,Amphitheater at Caparra,Caparra,Municipium Flavium Caparense,https://pleiades.stoa.org/places/236405,,,amphitheater,imperial,TRUE,,Spain,lusitania,,https://amphi-theatrum.de/2791.html,FALSE,30,19,,,,-6.100049,40.164159,405
cordobaAmphitheater,Amphitheater at Cordoba,Cordoba,Colonia Patricia,https://pleiades.stoa.org/places/256128,,,amphitheater,first-century,TRUE,,Spain,baetica,,,FALSE,,,178,145,,-4.788888,37.884183,125
ateguaAmphitheater,Amphitheater at Ancient Ategua,Ategua,Ategua,https://pleiades.stoa.org/places/265808,,,amphitheater,first-century,TRUE,6000,Spain,,,,FALSE,27,,44,,,-4.573101,37.755197,295
lillebonnAmphitheater,Amphitheater at Lillebonne,Lillebonne,Iuliobona,https://pleiades.stoa.org/places/109069,,19,gallo-roman-amphitheater,first-century,FALSE,7245,France,lugdunensis,,https://amphi-theatrum.de/1482.html,FALSE,48,45,78,75,,0.536724,49.517759,19
besanconAmphitheater,Amphitheater at Besançon,Besançon,Vesontio,https://pleiades.stoa.org/places/177657,,158,amphitheater,second-century,TRUE,13816,France,germania-superior,8LNKGJPW,https://amphi-theatrum.de/1551.html,FALSE,62,37,110,85,,6.015942,47.239027,246
limogesAmphitheater,Amphitheater at Limoges,Limoges,Augustoritum,https://pleiades.stoa.org/places/138203,,156,amphitheater,second-century,TRUE,24795,France,aquitania,LD7NNHSG,https://amphi-theatrum.de/1549.html,FALSE,68,48,137,116,,1.251841,45.830474,304
poitiersAmphitheater,Amphitheater at Poitiers,Poitiers,Limonum Pictonum,https://pleiades.stoa.org/places/138422,,137,amphitheater,julio-claudian,TRUE,33250,France,aquitania,LD7NNHSG,https://amphi-theatrum.de/1381.html,FALSE,72,47,156,130,,0.339589,46.57815,119
reimsAmphitheater,Amphitheater at Reims,Reims,Durocortorum,https://pleiades.stoa.org/places/108945,,,amphitheater,imperial,TRUE,,France,belgica,,https://amphi-theatrum.de/1394.html,FALSE,,,122,100,,4.018775,49.261265,80
rodezAmphitheater,Amphitheater at Rodez,Rodez,Segodunum,https://pleiades.stoa.org/places/138579,,22,amphitheater,imperial,TRUE,18546,France,aquitania,LD7NNHSG,https://amphi-theatrum.de/1484.html,FALSE,42,30,110,97,,2.571162,44.353698,611
milanAmphitheater,Amphitheater at Milan,Milan,Mediolanum,https://pleiades.stoa.org/places/383706,,97,amphitheater,first-century,TRUE,31649,Italy,regio-xi,,https://amphi-theatrum.de/1523.html,FALSE,74,44,155,125,,9.178518,45.456898,116
aquileiaAmphitheater,Amphitheater at Aquileia,Aquileia,Aquileia,https://pleiades.stoa.org/places/187290,,141,amphitheater,flavian,TRUE,26114,Italy,regio-x,,https://amphi-theatrum.de/2678.html,FALSE,72,46,142,118,,13.370713,45.768239,2
paduaAmphitheater,Amphitheater at Padua,Padua,Patavium,https://pleiades.stoa.org/places/393473,,90,amphitheater,julio-claudian,TRUE,7256,Italy,regio-x,,https://amphi-theatrum.de/1399.html,FALSE,76.4,39.5,102.5,65.5,,11.879039,45.411483,17
lecceAmphitheater,Amphitheater at Lecce,Lecce,Lupiae,https://pleiades.stoa.org/places/442642,,133,amphitheater,trajanic,TRUE,13440,Italy,regio-ii,,https://amphi-theatrum.de/1389.html,FALSE,53.1,34.2,101.9,83,,18.172733,40.352463,51
terminiImereseAmphitheater,Amphitheater at Termini Imerese,Termini,Thermae Himerae,https://pleiades.stoa.org/places/462513,,164,amphitheater,flavian,TRUE,26114,Italy,sicilia,,https://amphi-theatrum.de/1555.html,FALSE,53,30,98,75,,13.695186,37.983696,76
sanBenedettoDeiMarsiAmphitheater,Amphitheater at San Benedetto dei Marsi,San Benedetto,Marruvium,https://pleiades.stoa.org/places/432927,,,amphitheater,imperial,TRUE,,Italy,regio-iv,9GGW7DWK,https://amphi-theatrum.de/1601.html,FALSE,,,101,,,13.627505,42.006504,683
monteleoneAmphitheater,Amphitheater at Monteleone,Monteleone,Trebula Mutuesca,https://pleiades.stoa.org/places/413350,,58,amphitheater,second-century,TRUE,,Italy,regio-iv,,https://amphi-theatrum.de/1504.html,FALSE,61,35,94,66,,12.867528,42.228444,495
bolsenaAmphitheater,Amphitheater at Bolsena,Bolsena,Volsinii Novi,https://pleiades.stoa.org/places/413389,,163,amphitheater,flavian,TRUE,11000,Italy,regio-vii,,https://amphi-theatrum.de/1554.html,FALSE,59,42,100,84,,11.990158,42.650243,417
anconaAmphitheater,Amphitheater at Ancona,Ancona,Ancona,https://pleiades.stoa.org/places/413014,,78,amphitheater,julio-claudian,TRUE,14168,Italy,regio-v,,https://amphi-theatrum.de/1396.html,FALSE,67,53,111,97,,13.511791,43.624604,54
ascoliPicenoAmphitheater,Amphitheater at Ascoli Picenum,Ascoli,Asculum Picenum,https://pleiades.stoa.org/places/413036,,91,amphitheater,imperial,TRUE,,Italy,regio-v,,https://amphi-theatrum.de/2861.html,FALSE,,,148,125,,13.570767,42.855655,157
beneventoAmphitheater,Amphitheater at Benevento,Benevento,Beneventum,https://pleiades.stoa.org/places/432721,,,amphitheater,republican,TRUE,,Italy,regio-ii,,https://amphi-theatrum.de/1776.html,TRUE,,,,,,14.781523,41.130009,166
calviRisortaAmphitheater,Amphitheater at Calvi Risorta,Calvi Risorto,Cales,https://pleiades.stoa.org/places/432739,6,,amphitheater,republican,TRUE,,Italy,regio-i,,https://amphi-theatrum.de/1462.html,FALSE,87,,110,72,,14.137993,41.202429,89
sanVittorinoAmphitheater,Amphitheater at San Vittorino,San Vittorino,Amiternum,https://pleiades.stoa.org/places/413013,,166,amphitheater,first-century,TRUE,20000,Italy,regio-iv,WU8WU448,https://amphi-theatrum.de/1557.html,FALSE,64,42,90,68,,13.306027,42.400531,672
beziersAmphitheater,Amphitheater at Béziers,Béziers,Baeterrae,https://pleiades.stoa.org/places/148056,,159,amphitheater,imperial,TRUE,8601,France,narbonensis,LD7NNHSG,https://amphi-theatrum.de/1405.html,FALSE,104,74,74,44,,3.214026,43.339589,56
agenAmphitheater,Amphitheater at Agen,Agen,Aginnum,https://pleiades.stoa.org/places/138169,,161,amphitheater,imperial,TRUE,,France,aquitania,,https://amphi-theatrum.de/1552.html,TRUE,,,,,,0.622122,44.206545,52
narbonneAmphitheater,Amphitheater at Narbonne,Narbonne,Narbo,https://pleiades.stoa.org/places/246347,,162,amphitheater,flavian,TRUE,,France,narbonensis,LD7NNHSG,,FALSE,75,46.6,121.6,93.2,,3.010181,43.184873,14
amiensAmphitheater,Amphitheater at Amiens,Amiens,Samarobriva Ambianorum,https://pleiades.stoa.org/places/109321,,102,amphitheater,second-century,TRUE,17848,France,belgica,,https://amphi-theatrum.de/1384.html,FALSE,55,42,114,100,,2.293485,49.8944,32
meauxAmphitheater,Amphitheater at Meaux,Meaux,Iatinon,https://pleiades.stoa.org/places/109059,,,amphitheater,imperial,TRUE,,France,lugdunensis,,https://amphi-theatrum.de/2416.html,TRUE,,,,,,2.883491,48.970006,50
chartresAmphitheater,Amphitheater at Chartres,Chartres,Autricum,https://pleiades.stoa.org/places/108778,,109,amphitheater,imperial,TRUE,,France,lugdunensis,,https://amphi-theatrum.de/1382.html,TRUE,,,,,,1.48926,48.450069,140
senlisAmphitheater,Amphitheater at Senlis,Senlis,Augustomagus,https://pleiades.stoa.org/places/108776,,21,amphitheater,first-century,TRUE,10000,France,belgica,,https://amphi-theatrum.de/1483.html,FALSE,41.5,34.45,90,83,,2.575376,49.205169,64
tanetoAmphitheater,Amphitheater at Taneto,Taneto,Tannetum,https://pleiades.stoa.org/places/383791,,,amphitheater,imperial,TRUE,,Italy,regio-viii,,https://amphi-theatrum.de/2774.html,FALSE,40,25,50,38,,10.446891,44.76949,49
toursAmphitheater,Amphitheater at Tours,Tours,Caesarodunum Turonum,https://pleiades.stoa.org/places/138255,,54,amphitheater,hadrianic,TRUE,34000,France,lugdunensis,LD7NNHSG,https://amphi-theatrum.de/1383.html,FALSE,68,50,156,134,,0.696233,47.395342,59
caistorStEdmundAmphitheater,Amphitheater at Caistor Saint Edmund,Caistor St. Edmund,Venta Icenorum,https://pleiades.stoa.org/places/79735,,,amphitheater,imperial,TRUE,,United Kingdom,britannia,,https://amphi-theatrum.de/1986.html,FALSE,38,32,,,,1.288445,52.579764,7
capuaRepublicanAmphitheater,Republican Amphitheater at Capua,Capua I,Capua,https://pleiades.stoa.org/places/432754,2,,amphitheater,republican,FALSE,,Italy,regio-i,,https://amphi-theatrum.de/2081.html,FALSE,,,112,81,,14.250309,41.084593,37
capuaImperialAmphitheater,Imperial Amphitheater at Capua,Capua II,Capua,https://pleiades.stoa.org/places/432754,,179,amphitheater,flavian,TRUE,37000,Italy,regio-i,WVCF7L6K,https://amphi-theatrum.de/2082.html,FALSE,76.12,45.83,165,135,,14.250089,41.085935,34
liternoAmphitheater,Amphitheater at Literno,Literno,Liternum,https://pleiades.stoa.org/places/432911,3,,amphitheater,republican,TRUE,,Italy,regio-i,,https://amphi-theatrum.de/1862.html,TRUE,,,,,,14.0304,40.920949,9
noleAmphitheater,Amphitheater at Nole,Nole,Nola,https://pleiades.stoa.org/places/432981,13,,amphitheater,republican,TRUE,,Italy,regio-i,,https://amphi-theatrum.de/1594.html,FALSE,,,138,108,,14.52054,40.927702,35
silchesterAmphitheater,Amphitheater at Silchester,Silchester,Calleva Atrebatum,https://pleiades.stoa.org/places/79368,,40,amphitheater,second-century,TRUE,7147,United Kingdom,britannia,,https://amphi-theatrum.de/1493.html,FALSE,49,40,80,70,,-1.07547,51.358881,91
dorchesterAmphitheater,Amphitheater at Dorchester / Maumbury Henge,Maumbury,Durnovaria,https://pleiades.stoa.org/places/79431,,34,amphitheater,flavian,TRUE,7952,United Kingdom,britannia,,https://amphi-theatrum.de/1491.html,FALSE,58,47,80,77,,-2.440246,50.708044,78
bragaAmphitheater,Amphitheater at Braga,Braga,Bracara Augusta,https://pleiades.stoa.org/places/236377,,,amphitheater,imperial,TRUE,,Portugal,tarraconensis,,,TRUE,,,,,,-8.430075,41.546669,175
sisapoAmphitheater,Amphitheater at Sisapo,Sisapo,,https://pleiades.stoa.org/places/266043,,,amphitheater,imperial,TRUE,,Spain,baetica,,,TRUE,,,,,,-4.516667,38.645833,659
leonAmphitheater,Amphitheater at León,León,Legio,https://pleiades.stoa.org/places/236512,,,amphitheater,imperial,TRUE,,Spain,tarraconensis,,,FALSE,60,40,90,70,,-5.566944,42.598889,846
autunAmphitheater,Amphitheater at Autun,Autun,Augustodunum,https://pleiades.stoa.org/places/177460,,157,amphitheater,flavian,TRUE,32189,France,lugdunensis,,https://amphi-theatrum.de/2680.html,FALSE,74,49,154,130,,4.310856,46.953003,317
xantenAmphitheater,Amphitheater at Xanten,Xanten,Colonia Ulpia Traiana,https://pleiades.stoa.org/places/108896,,167,amphitheater,imperial,TRUE,10000,Germany,germania-inferior,LD7NNHSG,https://amphi-theatrum.de/1450.html,FALSE,58.5,49,96.5,87,,6.451386,51.667172,21
arnsburgAmphitheater,Amphitheater at Arnsburg,Arnsburg,,https://pleiades.stoa.org/places/118575,,,amphitheater,imperial,TRUE,,Germany,germania-superior,,https://amphi-theatrum.de/1896.html,FALSE,,,32,,,8.787954,50.485657,163
ierapetraAmphitheater,Amphitheater at Ierapetra,Ierapetra,Hierapytna,https://pleiades.stoa.org/places/589807,,,amphitheater,imperial,TRUE,,Greece,crete-et-cyrenaica,WFYFFL7L,https://amphi-theatrum.de/2128.html,FALSE,,,107,87,,25.745132,35.011385,4
kunzingAmphitheater,Amphitheater at Künzing,Künzing,Quintana,https://pleiades.stoa.org/places/118919,,,amphitheater,imperial,TRUE,,Germany,raetia,,https://amphi-theatrum.de/1876.html,FALSE,,,42,31,,13.082821,48.667088,308
noceraSuperioreAmphitheater,Amphitheater at Nocera Superiore,Nocera,Nuceria Alfaterna,https://pleiades.stoa.org/places/432985,,84,amphitheater,imperial,TRUE,21162,Italy,regio-i,,https://amphi-theatrum.de/1515.html,FALSE,58,34,125,102,,14.657022,40.74575,50
perugiaAmphitheater,Amphitheater at Perugia,Perugia,Perusia,https://pleiades.stoa.org/places/413248,,,amphitheater,imperial,TRUE,,Italy,regio-vi,,,TRUE,,,,,,12.389066,43.107941,451
bobadelaAmphitheater,Amphitheater at Bobadela,Bobadela,Elbocoris,https://pleiades.stoa.org/places/236458,,,amphitheater,flavian,TRUE,,Portugal,lusitania,,https://amphi-theatrum.de/1975.html,FALSE,50,40,,,,-7.893572,40.361088,383
sopronAmphitheater,Amphitheater at Sopron,Sopron,Scarabantia,https://pleiades.stoa.org/places/197501,,53,amphitheater,imperial,TRUE,,Hungary,pannonia,,https://amphi-theatrum.de/1456.html,FALSE,,,93,,,16.589397,47.692813,237
nyonAmphitheater,Amphitheater at Nyon,Nyon,Noviodunum,https://pleiades.stoa.org/places/177496,,,amphitheater,imperial,TRUE,,Switzerland,germania-superior,,https://amphi-theatrum.de/1905.html,FALSE,,,56,40,,6.241301,46.383464,391
bernAmphitheater,Amphitheater at Bern,Bern,Bremodorum,https://pleiades.stoa.org/places/177471,,42,amphitheater,imperial,TRUE,1946,Switzerland,germania-superior,,https://amphi-theatrum.de/1495.html,FALSE,27.6,23.5,42.6,38.5,,7.451179,46.975715,547
dambachAmphitheater,Amphitheater at “Dambach”,Dambach,,https://pleiades.stoa.org/places/118638,,,oval-structure,imperial,TRUE,,Germany,raetia,,https://amphi-theatrum.de/1792.html,FALSE,,,49.5,48.5,,10.58318,49.104033,463
burnumAmphitheater,Amphitheater at Burnum,Burnum,Burnum,https://pleiades.stoa.org/places/197184,,,amphitheater,imperial,TRUE,,Croatia,dalmatia,,https://amphi-theatrum.de/1878.html,FALSE,43,32,80,65,,16.018169,44.019098,250
gleisdorfAmphitheater,Amphitheater at Gleisdorf,Gleisdorf,,https://pleiades.stoa.org/places/197284,,,amphitheater,imperial,TRUE,,Austria,noricum,EGZ5XRE9,https://amphi-theatrum.de/2424.html,TRUE,,,,,,15.707727,47.111055,365
skikdaAmphitheater,Amphitheater at Skikda,Skikda,Rusicade,https://pleiades.stoa.org/places/305137,,72,amphitheater,second-century,TRUE,8000,Algeria,mauretania,,https://amphi-theatrum.de/1505.html,FALSE,57,38.5,77.3,58.8,,6.91383,36.876413,38
bostraAmphitheater,Amphitheater at Bosra,Bosra,Nova Trajana Bostra,https://pleiades.stoa.org/places/678073,,,amphitheater,imperial,TRUE,,Syria,syria,,https://amphi-theatrum.de/2002.html,FALSE,,,120,75,,36.479844,32.517923,845
palmyraAmphitheater,Possible Amphitheater at Palmyra,Palmyra,Palmyra,https://pleiades.stoa.org/places/668331,,,amphitheater,imperial,TRUE,,Syria,syria,KEWYWH4L,,TRUE,,,,,,38.273763,34.553789,408
stMarcelAmphitheater,Amphitheater at Saint Marcel,St. Marcel,Argentomagus,https://pleiades.stoa.org/places/138192,,,amphitheater,imperial,TRUE,,France,aquitania,,https://amphi-theatrum.de/1618.html,FALSE,,,80,,,1.518328,46.601549,150
metzAmphitheater,Amphitheater at Metz,Metz, Divodurum,https://pleiades.stoa.org/places/108928,,170,amphitheater,late-first-early-second-century,TRUE,30816,France,belgica,,https://amphi-theatrum.de/1395.html,FALSE,65,41,148,125,,6.181932,49.107645,171
grandHalfAmphitheater,Half Amphitheater at Grand,Grand,Grannum,https://pleiades.stoa.org/places/109016,,,gallo-roman-amphitheater,third-century,FALSE,17000,France,belgica,,,FALSE,50,41,179,,,5.49096,48.385217,371
albengaAmphitheater,Amphitheater at Albenga,Albenga,Albingaunum,https://pleiades.stoa.org/places/157803,,74,amphitheater,imperial,TRUE,3926,Italy,regio-vii,,https://amphi-theatrum.de/1508.html,FALSE,50,30,70,50,,8.211019,44.043709,44
aquinoAmphitheater,Amphitheater at Aquino,Aquino,Aquinum,https://pleiades.stoa.org/places/432695,,147,amphitheater,imperial,TRUE,17789,Italy,regio-i,,https://amphi-theatrum.de/1546.html,FALSE,55,36,115,96,,13.691338,41.49469,111
bourgesAmphitheater,Amphitheater at Bourges,Bourges,Avaricum,https://pleiades.stoa.org/places/138207,,160,amphitheater,imperial,TRUE,,France,aquitania,LD7NNHSG,https://amphi-theatrum.de/1380.html,FALSE,,,108,70,,2.390815,47.084496,133
chassenonAmphitheater,Amphitheater at Chassenon,Chassenon,Cassinomagus,https://pleiades.stoa.org/places/138275,,,gallo-roman-amphitheater,imperial,FALSE,,France,aquitania,WN2TA6QT,,FALSE,60,40,,,,0.768913,45.850749,217
drevantAmphitheater,Amphitheater at Drevant,Drevant,Derventum,https://pleiades.stoa.org/places/138327,,,gallo-roman-amphitheater,imperial,TRUE,,France,aquitania,,,FALSE,25,,56,,,2.522625,46.693079,164
seressiAmphitheater,Amphitheater at Seressi,Seressi,Seressi,https://pleiades.stoa.org/places/315150,,66,amphitheater,second-century,TRUE,7200,Tunisia,proconsularis,,,FALSE,51.5,40.7,76,65.2,,9.775766,36.16351,471
chemtouAmphitheater,Amphitheater at Chemtou,Chemtou,Simmithus,https://pleiades.stoa.org/places/315174,,67,amphitheater,second-century,TRUE,6500,Tunisia,proconsularis,7HMLD8GA,,FALSE,37.6,22.5,60,44.8,,8.580552,36.490426,171
bekaltaAmphitheater,Amphitheater at Bekalta,Bekalta,Thapsus,https://pleiades.stoa.org/places/324827,,185,amphitheater,second-century,TRUE,4400,Tunisia,proconsularis,,https://amphi-theatrum.de/1333.html,FALSE,67,43,80,58,,11.042371,35.619149,3
sidiBouArkoubAmphitheater,Amphitheater at Sidi bou Arkoub,Sidi bou Arkoub,Thimisua,https://pleiades.stoa.org/places/315211,,,amphitheater,imperial,TRUE,3200,Tunisia,proconsularis,,,FALSE,38,22,56,38,,9.31926,36.310778,277
genzanoPrivateAmphitheater,Private Amphitheater at Genzano,Genzano,,https://pleiades.stoa.org/places/422838,,,amphitheater,second-century,TRUE,1300,Italy,regio-i,,,FALSE,,,61,40,,12.696433,41.69286,370
ainHedjahAmphitheater,Amphitheater at Ain Hedjah,Ain Hedjah,Agbia,https://pleiades.stoa.org/places/314857,,64,amphitheater,second-century,TRUE,3000,Tunisia,proconsularis,,https://amphi-theatrum.de/1312.html,FALSE,43,28,57,42,,9.230632,36.391031,412
terracinaAmphitheater,Amphitheater at Terracina,Terracina,Tarracina,https://pleiades.stoa.org/places/433143,,148,amphitheater,first-century,TRUE,,Italy,regio-i,,https://amphi-theatrum.de/1547.html,FALSE,,,90,68,,13.247049,41.287691,10
uticaAmphitheater,Amphitheater at Utica,Utica,Utica,https://pleiades.stoa.org/places/315248,,61,amphitheater,hadrianic,TRUE,17100,Tunisia,proconsularis,,https://amphi-theatrum.de/2503.html,FALSE,80,60,118,98,,10.057188,37.052472,29
tebourbaAmphitheater,Amphitheater at Thuburbo Minus,Thuburbo Minus,Thuburbo Minus,https://pleiades.stoa.org/places/315219,,69,amphitheater,second-century,TRUE,,Tunisia,proconsularis,,https://amphi-theatrum.de/1341.html,TRUE,,,,,,9.835436,36.827708,43
hencherElKasbatAmphitheater,Amphitheater at Henchir el Kasbat,Thuburbo Maius,Thuburbo Maius,https://pleiades.stoa.org/places/315220,,121,amphitheater,second-century,TRUE,7500,Tunisia,proconsularis,,https://amphi-theatrum.de/1340.html,FALSE,46,33,74,61,,9.905668,36.398153,201
espejoAmphitheater,Amphitheater at Espejo,Espejo,Ucubi,https://pleiades.stoa.org/places/266081,,11,amphitheater,caesarean,TRUE,,Spain,baetica,,https://amphi-theatrum.de/1472.html,FALSE,35,,,,,-4.554198,37.683989,352
hencherZembraAmphitheater,Amphitheater at Henchir Zembra,Ulisippira,Ulisippira,https://pleiades.stoa.org/places/324839,,70,amphitheater,second-century,TRUE,5400,Tunisia,proconsularis,,https://amphi-theatrum.de/1346.html,FALSE,48,32,69,53,,10.441193,35.958583,21
botriaAmphitheater,Amphitheater at Botria,Acholla,Acholla,https://pleiades.stoa.org/places/324653,,118,amphitheater,second-century,TRUE,11600,Tunisia,proconsularis,,https://amphi-theatrum.de/1311.html,FALSE,58,54,90,86,,11.018944,35.075962,2
tipasaAmphitheater,Amphitheater at Tipasa,Tipasa,Tipasentium,https://pleiades.stoa.org/places/295363,,130,amphitheater,late-second-century,TRUE,4398,Algeria,mauretania,,https://amphi-theatrum.de/1536.html,FALSE,57,35,77,55,,2.445456,36.593152,16
bullaRegiaAmphitheater,Amphitheater at Bulla Regia,Bulla Regia,Bulla Regia,https://pleiades.stoa.org/places/314912,,117,amphitheater,late-second-century,TRUE,9700,Tunisia,proconsularis,,https://amphi-theatrum.de/1314.html,FALSE,34,30,74,66,,8.762598,36.564169,227
pupputAmphitheater,Amphitheater at Pupput,Pupput,Pupput,https://pleiades.stoa.org/places/315121,,298,amphitheater,imperial,TRUE,,Tunisia,proconsularis,,https://amphi-theatrum.de/1326.html,FALSE,45,36,,,,10.5626,36.3929,4
siccaVeneriaAmphitheater,Amphitheater at Sicca Veneria,Sicca Veneria,Sicca Veneria,https://pleiades.stoa.org/places/315152,,183,amphitheater,imperial,TRUE,11300,Tunisia,proconsularis,,https://amphi-theatrum.de/1329.html,FALSE,70,50,100,80,,8.715302,36.18536115,748
thibariAmphitheater,Amphitheater at Thibari,Thibari,Thibari,https://pleiades.stoa.org/places/315201,,62,amphitheater,imperial,TRUE,6300,Tunisia,proconsularis,,https://amphi-theatrum.de/1337.html,FALSE,30.8,21,61.2,51.5,,9.083712,36.504836,282
portusOvalStructure,Oval Structure at Portus,Portus Oval Structure,Portus,https://pleiades.stoa.org/places/423012,,,oval-structure,second-century,FALSE,2000,Italy,regio-i,VM28C388,,FALSE,,,42,38,,12.25809,41.781816,2
montbouyGalloRomanAmphitheater,Gallo-Roman Amphitheater at Montbouy,Montbouy,,https://pleiades.stoa.org/places/138468,,,gallo-roman-amphitheater,imperial,FALSE,,France,lugdunensis,,,FALSE,48,31,,,,2.819017,47.87286,122
statiliusTaurusAmphitheater,Amphitheater of Statilius Taurus,Statilius Taurus,,https://pleiades.stoa.org/places/423025,,,amphitheater,augustan,FALSE,,Italy,regio-i,,https://amphi-theatrum.de/1476.html,TRUE,,,,,,12.469869,41.899614,22
hisaryaAmphitheater,Amphitheater at Hisarya,Hisarya,Diocletianopolis,https://pleiades.stoa.org/places/216792,,,amphitheater,imperial,TRUE,,Bulgaria,thracia,,https://amphi-theatrum.de/2003.html,FALSE,41,,,,,24.703104,42.500071,362
mesarafeltaAmphitheater,Amphitheater at Mesarfelta,Mesarfelta,Mesarfelta,https://pleiades.stoa.org/places/334592,,45,amphitheater,second-century,TRUE,,Algeria,mauretania,FPC6XYXG,https://amphi-theatrum.de/1446.html,TRUE,,,,,,5.592835,35.036203,271
tigavaCastraAmphitheater,Amphitheater at Tigava Castra,Tigava Castra,Tigava Castra,https://pleiades.stoa.org/places/295357,,46,amphitheater,second-century,TRUE,2300,Algeria,mauretania,,https://amphi-theatrum.de/1498.html,FALSE,44,26,56,37,,1.651389,36.23195,151
carpisAmphitheater,Amphitheater at Carpis,Carpis,Carpis,https://pleiades.stoa.org/places/314920,,65,amphitheater,second-century,TRUE,,Tunisia,proconsularis,,https://amphi-theatrum.de/1316.html,TRUE,,,,,,10.557673,36.760727,29
altinumAmphitheater,Amphitheater at Altinum,Altinum,Altinum,https://pleiades.stoa.org/places/393374,,,amphitheater,imperial,TRUE,,Italy,regio-x,,,FALSE,80,58,143,103,,12.399911,45.548996,1
augustaBagiennorumAmphitheater,Amphitheater at Augusta Benniorum,Augusta Bagiennorum,Augusta Bagiennorum,https://pleiades.stoa.org/places/383578,,79,amphitheater,julio-claudian,TRUE,,Italy,regio-ix,,https://amphi-theatrum.de/1511.html,FALSE,,,104,78,,7.85031,44.556438,340
aostaAmphitheater,Amphitheater at Aosta,Aosta,Augusta Praetoria,https://pleiades.stoa.org/places/383579,,132,amphitheater,julio-claudian,TRUE,9770,Italy,regio-xi,,https://amphi-theatrum.de/2745.html,FALSE,42,31,86,76,,7.323481,45.740914,595
faleriiNoviAmphitheater,Amphitheater at Falerii Novi,Falerii Novi,Falerii Novi,https://pleiades.stoa.org/places/413125,,146,amphitheater,augustan,TRUE,7986,Italy,regio-vii,,https://amphi-theatrum.de/1545.html,FALSE,54.3,32.7,88,66.4,,12.361043,42.302681,198
riminiAmphitheater,Amphitheater at Rimini,Rimini,Ariminum,https://pleiades.stoa.org/places/393379,,172,amphitheater,hadrianic,TRUE,13967,Italy,regio-viii,,https://amphi-theatrum.de/1404.html,FALSE,73.76,42.52,117.72,88.08,,12.575144,44.060057,5
imolaAmphitheater,Amphitheater at Imola,Imola,Forum Cornelii,https://pleiades.stoa.org/places/393424,,56,amphitheater,imperial,TRUE,11914,Italy,regio-viii,,,FALSE,67,40,108,81,,11.711992,44.353673,53
venosaAmphitheater,Amphitheater at Venosa,Venosa,Venusia,https://pleiades.stoa.org/places/442847,,,amphitheater,imperial,TRUE,10602,Italy,regio-ii,,https://amphi-theatrum.de/1517.html,FALSE,58,37,98,77,,15.826303,40.969693,402
teramoAmphitheater,Amphitheater at Teramo,Teramo,Interamnia Praetuttiorum,https://pleiades.stoa.org/places/413179,,57,amphitheater,imperial,TRUE,,Italy,regio-v,,https://amphi-theatrum.de/1406.html,FALSE,,,73.93,56.16,,13.703278,42.658183,273
velleiaAmphitheater,Amphitheater at Velleia,Velleia,Veleia,https://pleiades.stoa.org/places/383811,,14,amphitheater,julio-claudian,TRUE,2901,Italy,regio-viii,,https://amphi-theatrum.de/1479.html,FALSE,37,25.5,54.85,44.1,,9.723475,44.785084,476
ordonaAmphitheater,Amphitheater at Ordona,Ordona,Herdoniae,https://pleiades.stoa.org/places/442613,,26,amphitheater,first-century,TRUE,6318,Italy,regio-ii,,https://amphi-theatrum.de/1488.html,FALSE,44.6,28.4,74.5,59.4,,15.6231,41.3105,127
bevagnaAmphitheater,Amphitheater at Bevagna,Bevagna,Mevania,https://pleiades.stoa.org/places/413200,,,amphitheater,first-century,TRUE,6251,Italy,regio-vi,,https://amphi-theatrum.de/1596.html,FALSE,44,24,80,53,,12.615587,42.936903,215
minturnaeAmphitheater,Amphitheater at Minturno,Minturno,Minturnae,https://pleiades.stoa.org/places/432940,,,amphitheater,first-century,TRUE,,Italy,regio-i,,https://amphi-theatrum.de/1591.html,FALSE,,,130,,,13.763859,41.241734,10
sinuessaAmphitheater,Amphitheater at Sinuessa,Sinuessa,Sinuessa,https://pleiades.stoa.org/places/433122,,274,amphitheater,imperial,TRUE,,Italy,regio-i,,,FALSE,,,80,45,,13.846372,41.153584,5
geyreAmphitheater,Late Roman Amphitheater at Geyre (Aphrodisias),Geyre (Aphrodisias),Aphrodisias,https://pleiades.stoa.org/places/638753,,,arena-in-stadium,fourth-century,FALSE,,Turkey,asia,KNXG4VJN,https://amphi-theatrum.de/2654.html,FALSE,59,30,,,,28.723061,37.712553,526
djerbaAmphitheater,Djerba Amphitheater,Djerba,Meninge,https://pleiades.stoa.org/places/344439,,,amphitheater,imperial,TRUE,,Tunisia,proconsularis,,https://amphi-theatrum.de/1324.html,FALSE,,,68,,,10.913907,33.685822,1
zagaroloLudus,Zagarolo Ludus,Zagarolo,,https://pleiades.stoa.org/places/423086,,,practice-arena,imperial,FALSE,,Italy,regio-i,,https://amphi-theatrum.de/2089.html,FALSE,,,40,,,12.819255,41.858402,275
tusculumAmphitheater,Tusculum Amphitheater,Tusculum,,https://pleiades.stoa.org/places/423108,,184,amphitheater,second-century,TRUE,4853,Italy,regio-i,,https://amphi-theatrum.de/1423.html,FALSE,49,30,73,54,,12.702103,41.798372,582
forumNovumAmphitheater,Forum Novum Amphitheater,Forum Novum,Forum Novum,https://pleiades.stoa.org/places/413148,,,amphitheater,first-century,TRUE,2000,Italy,regio-iv,HKRAD2P6,,FALSE,45,25,,,,12.603363,42.329875,137
todiAmphitheater,Todi Amphitheater,Todi,Tuder,https://pleiades.stoa.org/places/413354,,,amphitheater,imperial,TRUE,,Italy,regio-vi,,https://amphi-theatrum.de/1400.html,FALSE,,,90,60,,12.413528,42.778653,330
terniAmphitheater,Terni Amphitheater,Terni,Interamna Nahars,https://pleiades.stoa.org/places/413178,,144,amphitheater,first-century,TRUE,10890,Italy,regio-vi,,https://amphi-theatrum.de/1401.html,FALSE,65,36,95,73,,12.64336,42.559785,240
spoletoAmphitheater,Spoleto Amphitheater,Spoleto,Spoletium,https://pleiades.stoa.org/places/413320,,86,amphitheater,first-century,TRUE,,Italy,regio-vi,,https://amphi-theatrum.de/2681.html,FALSE,,,115,85,,12.738992,42.738427,327
aquaeNeriAmphitheater,Aquae Neri Amphitheater,Aquae Neri,Neriomagus,https://pleiades.stoa.org/places/138185,,20,amphitheater,first-century,TRUE,3926,France,aquitania,,,FALSE,50,30,70,50,,2.658224,46.289891,489
aureliumCommodianumAmphitheater,Aurelium Commodianum Amphitheater,Aurelium Commodianum,Aurelium Commodianum,https://pleiades.stoa.org/places/315084,,,amphitheater,second-century,TRUE,,Tunisia,proconsularis,,https://amphi-theatrum.de/1356.html,FALSE,,,65,55,,9.889218,36.527797,205
jebelMorabaAmphitheater,Jebel Moraba Amphitheater,Jebel Moraba,,https://pleiades.stoa.org/places/208942158,,,amphitheater,imperial,TRUE,,Tunisia,proconsularis,,https://amphi-theatrum.de/1317.html,FALSE,,,61,,,9.860836,36.597655,311
faleroneAmphitheater,Falerone Amphitheater,Falerone,Falerio,https://pleiades.stoa.org/places/413127,,99,amphitheater,julio-claudian,TRUE,,Italy,regio-v,,https://amphi-theatrum.de/1525.html,FALSE,,,88.8,80,,13.495903,43.101106,222
fermoAmphitheater,Fermo Amphitheater,Fermo,Firmum Picenum,https://pleiades.stoa.org/places/413135,,,amphitheater,imperial,TRUE,,Italy,regio-v,,https://amphi-theatrum.de/1603.html,TRUE,,,,,,13.718231,43.161433,290
frosinoneAmphitheater,Frosinone Amphitheater,Frosinone,Frusino,https://pleiades.stoa.org/places/432852,,106,amphitheater,imperial,TRUE,,Italy,regio-i,,https://amphi-theatrum.de/1531.html,FALSE,,,78,57,,13.353417,41.64507,213
ruggeAmphitheater,Rugge Amphitheater,Rugge,Rudiae,https://pleiades.stoa.org/places/442753,,,amphitheater,imperial,TRUE,,Italy,regio-ii,,https://amphi-theatrum.de/2217.html,FALSE,,,83,66,,18.146729,40.334316,38
egnaziaAmphitheater,Egnazia Amphitheater,Egnazia,Egnatia,https://pleiades.stoa.org/places/442573,,,amphitheater,third-century,FALSE,,Italy,regio-ii,,https://amphi-theatrum.de/1610.html,FALSE,37,25,,,,17.391188,40.887891,2
canosaAmphitheater,Canosa Amphitheater,Canosa,Canusium,https://pleiades.stoa.org/places/442525,,,amphitheater,imperial,FALSE,,Italy,regio-ii,,https://amphi-theatrum.de/1607.html,FALSE,,,138,106,,16.05603,41.221739,81
sipontoAmphitheater,Siponto Amphitheater,Siponto,Sipous,https://pleiades.stoa.org/places/442797,,,amphitheater,imperial,TRUE,,Italy,regio-ii,,https://amphi-theatrum.de/2222.html,TRUE,,,,,,15.888896,41.611536,18
chietiAmphitheater,Chieti Amphitheater,Chieti,Teate Marrucinorum,https://pleiades.stoa.org/places/413333,,,amphitheater,first-century,TRUE,,Italy,regio-iv,,https://amphi-theatrum.de/2047.html,FALSE,59,41,,,,14.16255,42.345021,343
teanoAmphitheater,Amphitheater at Teano,Teano,Teanum Sidicinum,https://pleiades.stoa.org/places/433146,7,4,amphitheater,republican,TRUE,,Italy,regio-ii,,,TRUE,,,,,,14.065098,41.251661,191
henchirDuomaAmphitheater,Henchir Douama Amphitheater,Henchir Douama,Uchi Maius,https://pleiades.stoa.org/places/315242,,,amphitheater,imperial,TRUE,,Tunisia,proconsularis,,https://amphi-theatrum.de/1345.html,FALSE,,,55,43,,9.085182,36.412511,418
ainToungaAmphitheater,Ain Tounga Amphitheater,Ain Tounga,Thignica,https://pleiades.stoa.org/places/315207,,116,amphitheater,second-century,TRUE,3000,Tunisia,proconsularis,,https://amphi-theatrum.de/1532.html,FALSE,39,26.5,56,46,,9.361924,36.52782,226
aleriaAmphitheater,Aleria Amphitheater,Aleria,Alalia,https://pleiades.stoa.org/places/472048,,131,amphitheater,imperial,TRUE,1248,France,corsica-et-sardinia,,,FALSE,29.6,24,39.6,34,,9.5102,42.100889,41
volterraAmphitheater,Volterra Amphitheater,Volterra,Volaterrae,https://pleiades.stoa.org/places/403292,,,amphitheater,first-century,TRUE,10000,Italy,regio-vii,XW8VDUBU,https://amphi-theatrum.de/2677.html,FALSE,,,87,68,,10.862152,43.407162,456
vastoAmphitheater,Amphitheater at Vasto,Vasto,Histonium,https://pleiades.stoa.org/places/413171,,,amphitheater,imperial,TRUE,,Italy,regio-iv,,https://amphi-theatrum.de/2042.html,FALSE,,,100,80,,14.708095,42.111291,150
suasaAmphitheater,Amphitheater at Suasa,Suasa,Suasa,https://pleiades.stoa.org/places/413324,,,amphitheater,imperial,TRUE,,Italy,regio-vi,,https://amphi-theatrum.de/2833.html,FALSE,58,36,99,75,,12.986831,43.624682,139
pollenzoAmphitheater,Amphitheater at Pollenzo,Pollenzo,Pollentia,https://pleiades.stoa.org/places/383745,,59,amphitheater,imperial,TRUE,,Italy,regio-ix,,https://amphi-theatrum.de/1391.html,FALSE,,,120,93,,7.895993,44.684698,200
vercelliAmphitheater,Amphitheater at Vercelli,Vercelli,Vercellae,https://pleiades.stoa.org/places/383815,,,amphitheater,late-first-early-second-century,TRUE,,Italy,regio-xi,SN69JGM2,https://amphi-theatrum.de/2948.html,FALSE,,,107,90,,8.426863,45.319277,126
sanGiovanniAmphitheater,Amphitheater at San Giovanni in Carico,San Giovanni in Carico,Fabrateria Nova,https://pleiades.stoa.org/places/432825,,,amphitheater,imperial,TRUE,,Italy,regio-i,,https://amphi-theatrum.de/2084.html,FALSE,,,75,,,13.552957,41.518993,87
megiddoAmphitheater,Amphitheater at Megiddo,Megiddo,Legio,https://pleiades.stoa.org/places/678266,,,amphitheater,imperial,TRUE,,Israel,judaea,,,FALSE,,,70,50,,35.183968,32.58102,141
suessaAruncaAmphitheater,Amphitheater at Suessa Arunca,Suessa Arunca,Suessa,https://pleiades.stoa.org/places/433132,11,,amphitheater,republican,TRUE,,Italy,regio-i,,https://amphi-theatrum.de/2833.html,TRUE,,,,,,13.933458,41.230843,128
altripaldaAmphitheater,Amphitheater at Altripalda,Altripalda,Abellinum,https://pleiades.stoa.org/places/432618,12,,amphitheater,republican,TRUE,,Italy,regio-i,,https://amphi-theatrum.de/1860.html,TRUE,,,,,,14.825649,40.917353,303
compsaAmphitheater,Amphitheater at Compsa,Compsa,Compsa,https://pleiades.stoa.org/places/442550,,,amphitheater,republican,TRUE,,Italy,regio-ii,,,TRUE,,,,,,15.330556,40.870278,572
yorkAmphitheater,Amphitheater at York,York,Eboracum,https://pleiades.stoa.org/places/89175,,,amphitheater,imperial,TRUE,,United Kingdom,britannia,,https://amphi-theatrum.de/1753.html,TRUE,,,,,,-1.080278,53.958333,21
barcelonaAmphitheater,Amphitheater at Barcelona,Barcelona,Barcino,https://pleiades.stoa.org/places/246343,,,amphitheater,imperial,TRUE,,Spain,tarraconensis,,https://amphi-theatrum.de/2613.html,FALSE,,,117,93,,2.182077,41.383003,3
istanbulAmphitheater,Amphitheater at Istanbul,Istanbul,Byzantium,https://pleiades.stoa.org/places/520985,,,amphitheater,imperial,TRUE,,Turkey,thracia,,https://amphi-theatrum.de/1735.html,TRUE,,,,,,28.985442,41.014686,32
chichesterAmphitheater,Amphitheater at Chichester,Chichester,Noviomagus Reginorum,https://pleiades.stoa.org/places/79622,,35,amphitheater,flavian,TRUE,,United Kingdom,britannia,,https://amphi-theatrum.de/1492.html,FALSE,56,47,,,,-0.771186,50.835394,14
reggioEmiliaAmphitheater,Amphitheater at Reggio Emilia,Reggio Emilia,Regium Lepidi,https://pleiades.stoa.org/places/383755,,,amphitheater,imperial,TRUE,,Italy,regio-viii,,https://amphi-theatrum.de/2575.html,TRUE,,,,,,10.629951,44.702888,59
tharrosAmphitheater,Amphitheater at Tharros,Tharros,Tharros,https://pleiades.stoa.org/places/472032,,,amphitheater,imperial,TRUE,,Italy,corsica-et-sardinia,,,FALSE,32,32,50,46,,8.440713,39.876577,27
torreparedonesAmphitheater,Amphitheater at Torreparedones,Torreparedones,Colonia Virtus Iulia,https://pleiades.stoa.org/places/265938,,,amphitheater,flavian,TRUE,,Spain,baetica,A3LTIU8B,,FALSE,,,69,61,,-4.3806,37.752468,510
nazilliAmphitheater,Amphitheater at Nazilli,Nazilli,Mastaura,https://pleiades.stoa.org/places/599790,,,amphitheater,severan,FALSE,20000,Turkey,asia,RXR56NIQ,https://amphi-theatrum.de/3060.html,TRUE,,,,,,28.338099,37.955596,604
trentoAmphitheater,Amphitheater at Trento,Trento,Tridentum,https://pleiades.stoa.org/places/383804,,,amphitheater,second-century,TRUE,,Italy,regio-x,WAQBUSAR,https://amphi-theatrum.de/3048.html,FALSE,62,48,,,,11.125334,46.069205,248
avenchesAmphitheater,Amphitheater at Avenches,Avenches,Aventicum,https://pleiades.stoa.org/places/177495,,104,amphitheater,second-century,TRUE,13006,Switzerland,germania-superior,LD7NNHSG,https://amphi-theatrum.de/2723.html,FALSE,51,39,99,87,,7.042646,46.880971,470
venafroAmphitheater,Amphitheater at Venafro,Venafro,Venafrum,https://pleiades.stoa.org/places/433185,,87,amphitheater,imperial,TRUE,15000,Italy,regio-i,HQ9QC3FS,https://amphi-theatrum.de/1392.html,FALSE,60,35,110,85,,14.046835,41.48255,176
saintGeorgesDuBoisAmphitheater,Amphitheater at Saint-Georges-du-Bois,Saint-Georges-du-Bois,,,,103,amphitheater,first-century,TRUE,3000,France,aquitania,ZSJDWT3E,https://amphi-theatrum.de/1529.html,FALSE,54,30,65,50,,-0.749919,46.142723,39
toledoAmphitheater,Amphitheater at Toledo,Toledo,Toletum,https://pleiades.stoa.org/places/266066,,,amphitheater,imperial,TRUE,,Spain,tarraconensis,9JJW3LUE,https://amphi-theatrum.de/3090.html,TRUE,,,,,,-4.022888,39.865349,482
kaiseraugustAmphitheater,Amphitheater at Kaiseraugst,Kaiseraugst,Castrum Rauracense,https://pleiades.stoa.org/places/81716458,,,amphitheater,fourth-century,FALSE,,Switzerland,germania-superior,AUHQAHQB,https://amphi-theatrum.de/3066.html,FALSE,,,50,40,,7.721596,47.540822,482
ammaiaAmphitheater,Amphitheater at Ammaia,Ammaia,Ammaia,https://pleiades.stoa.org/places/255975,,,amphitheater,imperial,TRUE,,Portugal,lusitania,,https://amphi-theatrum.de/3020.html,FALSE,,,60,,,-7.39197,39.369905,566
contributaAmphitheater,Amphitheater at Contributa Iulia Ugultunia,Contributa,Contributa Iulia Ugultunia,https://pleiades.stoa.org/places/256126,,,amphitheater,imperial,TRUE,,Spain,baetica,,https://amphi-theatrum.de/3093.html,FALSE,,,72,,,-6.38932,38.347751,501
formiaAmphitheater,Amphitheater at Formia,Formia,Formiae,https://pleiades.stoa.org/places/432839,,,amphitheater,imperial,TRUE,,Italy,regio-i,,https://amphi-theatrum.de/1603.html,TRUE,,,,,,13.607631,41.258366,24